Tempo,Caixa,Distribuicao,Montagem,Chapa,Fritadeira,Liquidificador,BebidasGerais,EmPreparo
1,0,0,0,0,0,0,0,0
2,0,0,0,0,0,0,0,0
3,0,0,0,0,0,0,0,0
4,0,0,0,0,0,0,0,0
5,0,0,0,0,0,0,0,0
6,0,0,0,0,0,0,0,0
7,0,0,0,0,0,0,0,0
8,0,0,0,0,0,0,0,0
9,0,0,0,0,0,0,0,0
10,0,0,0,0,0,0,0,0
11,0,0,0,0,0,0,0,0
12,0,0,0,0,0,0,0,0
13,0,0,0,0,0,0,0,0
14,0,0,0,0,0,0,0,0
15,0,0,0,0,0,0,0,0
16,0,0,0,0,0,0,0,0
17,0,0,0,0,0,0,0,0
18,0,0,0,0,0,0,0,0
19,0,0,0,0,0,0,0,0
20,0,0,0,0,0,0,0,0
21,0,0,0,0,0,0,0,0
22,0,0,0,0,0,0,0,0
23,0,0,0,0,0,0,0,0
24,0,0,0,0,0,0,0,0
25,0,0,0,0,0,0,0,0
26,0,0,0,0,0,0,0,0
27,0,0,0,0,0,0,0,0
28,0,0,0,0,0,0,0,0
29,0,0,0,0,0,0,0,0
30,0,1,0,0,0,0,0,0
31,0,0,0,0,0,0,0,0
32,0,0,0,0,0,0,0,0
33,0,0,0,0,0,0,0,0
34,0,0,0,0,0,0,0,0
35,0,0,0,0,0,0,0,0
36,0,0,0,0,0,0,0,0
37,0,0,0,0,0,0,0,0
38,0,0,0,0,0,0,0,0
39,0,0,0,0,0,0,0,0
40,0,0,0,0,0,0,0,0
41,0,0,0,0,0,0,0,0
42,0,0,0,0,0,0,0,0
43,0,0,0,0,0,0,0,0
44,0,0,0,0,0,0,0,0
45,0,0,0,0,0,0,0,0
46,0,0,0,0,0,0,0,0
47,0,0,0,0,0,0,0,0
48,0,0,0,0,0,0,0,0
49,0,1,0,0,0,0,0,0
50,0,0,0,0,0,0,0,0
51,0,0,0,0,0,0,0,0
52,0,0,0,0,0,0,0,0
53,0,0,0,0,0,0,0,0
54,0,0,0,0,0,0,0,0
55,0,0,0,0,0,0,0,0
56,0,0,0,0,0,0,0,0
57,0,0,0,0,0,0,0,0
58,0,0,0,0,0,0,0,0
59,0,0,0,0,0,0,0,0
60,0,0,0,1,1,0,0,0
61,0,0,0,0,0,0,0,2
62,0,0,0,0,0,0,0,2
63,0,0,0,0,0,0,0,2
64,0,0,0,0,0,0,0,2
65,0,0,0,0,0,0,0,2
66,0,0,0,0,0,0,0,2
67,0,0,0,0,0,0,0,2
68,0,0,0,0,0,0,0,2
69,0,0,0,0,0,0,0,2
70,0,0,0,0,0,0,0,2
71,0,0,0,0,0,0,0,2
72,0,0,0,0,0,0,0,2
73,0,0,0,0,0,0,0,2
74,0,0,0,0,0,0,0,2
75,0,0,0,0,0,0,0,2
76,0,0,0,0,0,0,0,2
77,0,0,0,0,0,0,0,2
78,0,0,0,0,0,0,0,2
79,0,0,0,0,1,0,1,2
80,0,1,0,0,0,0,0,3
81,0,0,0,0,0,0,0,3
82,0,0,0,0,0,0,0,3
83,0,0,0,0,0,0,0,3
84,0,0,0,0,0,0,0,3
85,0,0,0,0,0,0,0,3
86,0,0,0,0,0,0,0,3
87,0,0,0,0,0,0,0,3
88,0,0,0,0,0,0,0,3
89,0,0,0,0,0,0,0,3
90,0,0,0,0,0,0,0,3
91,0,0,0,0,0,0,0,3
92,0,0,0,0,0,0,0,3
93,0,0,0,0,0,0,0,3
94,0,0,0,0,0,0,0,3
95,0,0,0,0,0,0,0,3
96,0,0,0,0,0,0,0,3
97,0,0,0,0,0,0,0,3
98,0,0,0,0,0,0,0,3
99,0,0,0,0,0,0,0,3
100,0,0,0,0,0,0,0,3
101,0,0,0,0,0,0,0,3
102,0,0,0,0,0,0,0,3
103,0,0,0,0,0,0,0,3
104,0,0,0,0,0,0,0,3
105,0,0,0,0,0,0,0,3
106,0,0,0,0,0,0,0,3
107,0,0,0,0,0,0,0,3
108,0,1,0,0,0,0,0,3
109,0,0,0,0,0,0,0,3
110,0,0,0,1,1,2,0,3
111,0,0,0,0,0,0,0,7
112,0,0,0,0,0,0,0,7
113,0,0,0,0,0,0,0,7
114,0,0,0,0,0,0,0,7
115,0,0,0,0,0,0,0,7
116,0,0,0,0,0,0,0,7
117,0,0,0,0,0,0,0,7
118,0,0,0,0,0,0,0,7
119,0,0,0,0,0,0,0,7
120,0,0,0,0,0,0,0,7
121,0,0,0,0,0,0,0,7
122,0,0,0,0,0,0,0,7
123,0,0,0,0,0,0,0,7
124,0,0,0,0,0,0,0,7
125,0,0,0,0,0,0,0,7
126,0,0,0,0,0,0,0,7
127,0,0,0,0,0,0,0,7
128,0,0,0,0,0,0,0,7
129,0,0,0,0,0,0,0,7
130,0,0,0,0,0,0,0,7
131,0,0,0,0,0,0,0,7
132,0,0,0,0,0,0,0,7
133,0,0,0,0,0,0,0,7
134,0,0,0,0,0,0,0,7
135,0,0,0,0,0,0,0,7
136,0,0,0,0,0,0,0,7
137,0,0,0,0,0,0,0,7
138,0,0,0,1,0,0,2,7
139,0,0,0,0,0,0,0,8
140,0,0,0,0,0,0,0,8
141,0,0,0,0,0,0,0,8
142,0,0,0,0,0,0,0,8
143,0,0,0,0,0,0,0,8
144,0,1,0,0,0,0,0,8
145,0,0,0,0,0,0,0,8
146,0,0,0,0,0,0,0,8
147,0,0,0,0,0,0,0,8
148,0,0,0,0,0,0,0,7
149,0,0,0,0,0,0,0,7
150,0,0,0,0,0,0,0,7
151,0,0,0,0,0,0,0,7
152,0,0,0,0,0,0,0,7
153,0,0,0,0,0,0,0,7
154,0,0,0,0,0,0,0,7
155,0,0,0,0,0,0,0,7
156,0,0,0,0,0,0,0,7
157,0,0,0,0,0,0,0,7
158,0,0,0,0,0,0,0,7
159,0,0,0,0,0,0,0,7
160,0,0,0,0,0,0,0,7
161,0,0,0,0,0,0,0,7
162,0,0,0,0,0,0,0,7
163,0,0,0,0,0,0,0,7
164,0,0,0,0,0,0,0,7
165,0,0,0,0,0,0,0,7
166,0,0,0,0,0,0,0,7
167,0,0,0,0,0,0,0,7
168,0,0,0,0,0,0,0,6
169,0,0,0,0,0,0,0,6
170,0,0,0,0,0,0,0,4
171,0,0,0,0,0,0,0,4
172,0,0,0,0,0,0,0,4
173,0,0,0,0,0,0,0,4
174,0,0,0,0,2,1,0,4
175,0,0,0,0,0,1,0,6
176,0,0,0,0,0,1,0,6
177,0,0,0,0,0,0,0,7
178,0,0,0,0,0,0,0,7
179,0,0,0,0,0,0,0,7
180,0,0,0,0,0,0,0,7
181,0,0,0,0,0,0,0,7
182,0,0,0,0,0,0,0,7
183,0,0,0,0,0,0,0,7
184,0,1,0,0,0,0,0,7
185,0,0,0,0,0,0,0,7
186,0,0,0,0,0,0,0,7
187,0,0,0,0,0,0,0,7
188,0,0,0,0,0,0,0,7
189,0,0,0,0,0,0,0,7
190,0,0,0,0,0,0,0,7
191,0,0,0,0,0,0,0,7
192,0,0,0,0,0,0,0,7
193,0,0,0,0,0,0,0,7
194,0,0,0,0,0,0,0,7
195,0,0,0,0,0,0,0,7
196,0,1,1,0,0,0,0,6
197,0,0,0,0,0,0,0,6
198,0,0,0,0,0,0,0,6
199,0,0,0,0,0,0,0,6
200,0,0,0,0,0,0,0,6
201,0,0,0,0,0,0,0,6
202,0,0,0,0,0,0,0,6
203,0,0,0,0,0,0,0,6
204,0,0,0,0,0,0,0,6
205,0,0,0,0,0,0,0,6
206,0,0,0,0,0,0,0,6
207,0,0,0,0,0,0,0,6
208,0,0,0,0,0,0,0,6
209,0,0,0,0,0,0,0,6
210,0,0,0,0,0,0,0,6
211,0,0,0,0,0,0,0,6
212,0,0,0,0,0,0,0,6
213,0,0,0,0,0,0,0,6
214,0,0,0,0,2,1,1,6
215,0,0,0,0,0,0,0,9
216,0,0,0,0,0,0,0,9
217,0,0,0,0,0,0,0,9
218,0,1,0,0,0,0,0,9
219,0,1,0,0,0,0,0,9
220,0,1,0,0,0,0,0,9
221,0,1,0,0,0,0,0,9
222,0,1,0,0,0,0,0,9
223,0,1,0,0,0,0,0,9
224,0,1,0,0,0,0,0,9
225,0,1,0,0,0,0,0,9
226,0,1,0,1,0,1,1,9
227,0,0,0,0,0,0,0,11
228,0,0,0,0,0,0,0,11
229,0,0,0,0,0,0,0,11
230,0,0,0,0,0,0,0,11
231,0,0,0,0,0,0,0,11
232,0,0,0,0,0,0,0,11
233,0,0,0,0,0,0,0,11
234,0,0,0,0,0,0,0,11
235,0,0,0,0,0,0,0,11
236,0,0,0,0,0,0,0,10
237,0,0,0,0,0,0,0,10
238,0,0,0,0,0,0,0,10
239,0,0,0,0,0,0,0,10
240,0,0,0,0,0,0,0,10
241,0,0,0,0,0,0,0,10
242,0,0,0,0,0,0,0,10
243,0,0,0,0,0,0,0,10
244,0,0,0,0,0,0,0,10
245,0,1,0,0,0,0,0,10
246,0,0,0,0,0,0,0,10
247,0,0,0,0,0,0,0,10
248,0,0,0,0,0,0,0,10
249,0,0,0,0,0,0,0,10
250,0,0,1,0,0,0,0,9
251,0,0,0,0,0,0,0,9
252,0,0,0,0,0,0,0,9
253,0,0,0,0,0,0,0,9
254,0,0,0,0,0,0,0,9
255,0,0,0,0,0,0,0,9
256,0,0,0,0,1,0,0,9
257,0,0,0,0,0,0,0,10
258,0,0,0,0,0,0,0,10
259,0,0,0,0,0,0,0,10
260,0,0,0,0,0,0,0,10
261,0,0,0,0,0,0,0,10
262,0,0,0,0,0,0,0,10
263,0,0,0,0,0,0,0,10
264,0,0,0,0,0,0,0,10
265,0,0,0,0,0,0,0,10
266,0,0,0,0,0,0,0,10
267,0,0,0,0,0,0,0,10
268,0,0,0,0,0,0,0,10
269,0,0,1,0,0,0,0,9
270,0,0,0,0,0,0,0,9
271,0,0,0,0,0,0,0,9
272,0,0,0,0,0,0,0,9
273,0,0,0,0,0,0,0,9
274,0,0,0,0,0,0,0,8
275,0,0,0,2,0,2,0,8
276,0,0,0,0,0,0,0,12
277,0,0,0,0,0,0,0,12
278,0,0,0,0,0,0,0,12
279,0,1,0,0,0,0,0,12
280,0,0,0,0,0,0,0,12
281,0,0,0,0,0,0,0,12
282,0,0,0,0,0,0,0,12
283,0,0,0,0,0,0,0,12
284,0,0,0,0,0,0,0,11
285,0,0,0,0,0,0,0,11
286,0,0,1,0,0,0,0,10
287,0,0,0,0,0,0,0,10
288,0,0,0,0,0,0,0,10
289,0,0,0,0,0,0,0,10
290,0,0,0,0,0,0,0,10
291,0,0,0,0,0,0,0,10
292,0,0,0,0,0,0,0,10
293,0,0,0,0,0,0,0,10
294,0,0,0,0,0,0,0,10
295,0,0,0,0,0,0,0,10
296,0,0,0,0,0,0,0,10
297,0,0,0,0,0,0,0,10
298,0,0,0,0,0,0,0,10
299,0,0,0,0,0,0,0,10
300,0,0,1,0,0,0,0,9
301,0,0,0,0,0,0,0,9
302,0,0,0,0,0,0,0,9
303,0,0,0,0,0,0,0,9
304,0,0,0,0,0,0,0,9
305,0,0,0,0,0,0,0,9
306,0,0,0,0,0,0,0,9
307,0,0,0,0,0,0,0,9
308,0,0,0,0,0,0,0,9
309,0,0,0,1,0,1,1,9
310,0,1,0,0,0,1,0,10
311,0,0,0,0,0,1,0,10
312,0,0,0,0,0,1,0,10
313,0,0,0,0,0,1,0,10
314,0,0,0,0,0,1,0,10
315,0,0,0,0,0,1,0,10
316,0,0,0,0,0,1,0,10
317,0,0,0,0,0,1,0,10
318,0,0,0,0,0,1,0,10
319,0,0,0,0,0,1,0,10
320,0,0,0,0,0,1,0,10
321,0,0,0,0,0,1,0,10
322,0,0,0,0,0,1,0,10
323,0,1,0,0,0,1,0,10
324,0,0,0,0,0,0,0,11
325,0,0,0,0,0,0,0,11
326,0,0,0,0,0,0,0,11
327,0,0,0,0,0,0,0,11
328,0,0,0,0,0,0,0,11
329,0,0,0,0,0,0,0,11
330,0,0,0,0,0,0,0,11
331,0,0,0,0,0,0,0,11
332,0,0,0,0,0,0,0,11
333,0,0,0,0,0,0,0,9
334,0,0,0,0,0,0,0,9
335,0,0,1,0,0,0,0,7
336,0,0,0,0,0,0,0,7
337,0,0,0,0,0,0,0,7
338,0,0,0,0,0,0,0,7
339,0,0,0,0,0,0,0,7
340,0,0,0,1,0,2,0,7
341,0,0,0,0,0,0,0,10
342,0,0,0,0,0,0,0,10
343,0,0,0,0,0,0,0,10
344,0,0,0,0,0,0,0,10
345,0,0,0,0,0,0,0,10
346,0,0,0,0,0,0,0,10
347,0,0,0,0,0,0,0,10
348,0,0,0,0,0,0,0,10
349,0,0,0,0,0,0,0,10
350,0,0,0,0,0,0,0,10
351,0,0,0,0,0,0,0,10
352,0,0,0,0,0,0,0,10
353,0,0,0,1,1,0,0,10
354,0,0,0,0,0,0,0,12
355,0,0,0,0,0,0,0,12
356,0,0,0,0,0,0,0,12
357,0,0,0,0,0,0,0,12
358,0,0,0,0,0,0,0,12
359,0,0,0,0,0,0,0,12
360,0,1,0,0,0,0,0,12
361,0,0,0,0,0,0,0,12
362,0,0,0,0,0,0,0,12
363,0,0,0,0,0,0,0,12
364,0,0,1,0,0,0,0,10
365,0,0,0,0,0,0,0,10
366,0,0,0,0,0,0,0,10
367,0,0,0,0,0,0,0,10
368,0,0,0,0,0,0,0,10
369,0,0,0,0,0,0,0,10
370,0,0,0,0,0,0,0,10
371,0,1,0,0,0,0,0,10
372,0,0,0,0,0,0,0,10
373,0,0,0,0,0,0,0,10
374,0,0,0,0,0,0,0,10
375,0,0,0,0,0,0,0,10
376,0,0,0,0,0,0,0,10
377,0,0,0,0,0,0,0,10
378,0,0,0,0,0,0,0,10
379,0,0,0,0,0,0,0,10
380,0,0,0,0,0,0,0,10
381,0,0,0,0,0,0,0,10
382,0,0,0,0,0,0,0,10
383,0,0,0,0,0,0,0,9
384,0,0,0,0,0,0,0,9
385,0,0,0,0,0,0,0,9
386,0,0,0,0,0,0,0,9
387,0,0,0,0,0,0,0,9
388,0,0,0,0,0,0,0,9
389,0,0,0,0,0,0,0,9
390,0,0,0,1,0,0,2,9
391,0,0,0,0,0,0,0,10
392,0,0,0,0,0,0,0,10
393,0,0,0,0,0,0,0,10
394,0,0,0,0,0,0,0,10
395,0,0,0,0,0,0,0,10
396,0,0,0,0,0,0,0,10
397,0,0,1,0,0,0,0,9
398,0,0,0,0,0,0,0,8
399,0,0,0,0,0,0,0,8
400,0,0,1,0,0,0,0,6
401,0,0,1,0,1,1,0,6
402,0,0,1,0,0,1,0,7
403,0,0,1,0,0,1,0,7
404,0,0,2,0,0,1,0,5
405,0,0,2,0,0,1,0,5
406,0,0,2,0,0,1,0,5
407,0,0,2,0,0,1,0,5
408,0,0,2,0,0,1,0,5
409,0,1,2,0,0,1,0,5
410,0,0,2,0,0,1,0,5
411,0,0,2,0,0,1,0,5
412,0,0,2,0,0,1,0,5
413,0,0,2,0,0,1,0,5
414,0,0,2,0,0,1,0,5
415,0,0,2,0,0,1,0,5
416,0,0,2,0,0,1,0,5
417,0,0,2,0,0,1,0,5
418,0,0,2,0,0,1,0,5
419,0,1,2,0,0,1,0,5
420,0,0,2,0,0,0,0,6
421,0,0,2,0,0,0,0,6
422,0,0,2,0,0,0,0,6
423,0,0,2,0,0,0,0,6
424,0,0,2,0,0,0,0,6
425,0,0,2,0,0,0,0,6
426,0,0,2,0,0,0,0,6
427,0,0,2,0,0,0,0,6
428,0,0,1,0,0,0,0,6
429,0,0,0,0,0,0,0,6
430,0,0,0,0,0,0,0,6
431,0,0,0,0,0,0,0,6
432,0,0,0,0,0,0,0,6
433,0,0,0,0,0,0,0,6
434,0,0,0,0,0,0,0,6
435,0,0,0,0,0,0,0,6
436,0,0,0,0,0,0,0,6
437,0,0,0,0,0,0,0,6
438,0,0,0,0,0,0,0,6
439,0,0,0,1,0,2,0,6
440,0,0,0,0,0,0,0,9
441,0,0,0,0,0,0,0,8
442,0,0,0,0,0,0,0,8
443,0,0,0,0,0,0,0,8
444,0,0,0,0,0,0,0,8
445,0,0,0,0,0,0,0,8
446,0,0,1,0,0,0,0,7
447,0,0,1,0,0,0,0,7
448,0,0,1,0,0,0,0,7
449,0,0,1,1,0,0,0,7
450,0,0,1,0,0,0,0,8
451,0,0,1,0,0,0,0,8
452,0,0,1,0,0,0,0,8
453,0,0,1,0,0,0,0,8
454,0,0,1,0,0,0,0,8
455,0,0,1,0,0,0,0,8
456,0,0,1,0,0,0,0,8
457,0,0,1,0,0,0,0,8
458,0,0,0,0,0,0,0,8
459,0,0,0,0,0,0,0,8
460,0,0,0,0,0,0,0,8
461,0,1,0,0,0,0,0,8
462,0,0,0,0,0,0,0,8
463,0,0,0,0,0,0,0,8
464,0,0,0,0,0,0,0,8
465,0,0,0,0,0,0,0,8
466,0,0,0,0,0,0,0,8
467,0,0,0,0,0,0,0,8
468,0,0,0,0,0,0,0,8
469,0,0,0,0,0,0,0,8
470,0,0,0,0,0,0,0,8
471,0,0,0,0,0,0,0,8
472,0,0,0,0,0,0,0,8
473,0,0,0,0,0,0,0,8
474,0,0,0,0,0,0,0,8
475,0,0,0,0,0,0,0,8
476,0,0,0,0,0,0,0,8
477,0,0,0,0,0,0,0,8
478,0,0,1,0,0,0,0,7
479,0,0,0,0,0,0,0,6
480,0,0,0,0,0,0,0,6
481,0,0,0,0,0,0,0,6
482,0,0,0,0,0,0,0,6
483,0,0,0,0,0,0,0,6
484,0,0,0,0,0,0,0,6
485,0,0,0,0,0,0,0,6
486,0,0,0,0,0,0,0,6
487,0,0,0,0,0,0,0,6
488,0,0,0,0,0,0,0,6
489,0,0,0,0,0,0,0,6
490,0,0,0,0,0,0,0,6
491,0,0,0,0,1,2,0,6
492,0,0,0,0,0,0,0,9
493,0,0,0,0,0,0,0,9
494,0,0,0,0,0,0,0,9
495,0,0,0,0,0,0,0,9
496,0,0,0,0,0,0,0,9
497,0,0,0,0,0,0,0,8
498,0,1,0,0,0,0,0,8
499,0,0,1,0,0,0,0,6
500,0,0,0,0,0,0,0,6
501,0,0,0,0,0,0,0,6
502,0,0,0,0,0,0,0,6
503,0,0,0,0,0,0,0,6
504,0,0,0,0,0,0,0,6
505,0,0,0,0,0,0,0,6
506,0,0,0,0,0,0,0,6
507,0,0,0,0,0,0,0,6
508,0,0,0,0,0,0,0,6
509,0,0,0,0,0,0,0,6
510,0,0,0,0,0,0,0,6
511,0,0,0,0,0,0,0,6
512,0,0,0,0,0,0,0,6
513,0,0,0,0,0,0,0,6
514,0,0,0,0,0,0,0,6
515,0,0,0,0,0,0,0,6
516,0,0,0,0,0,0,0,6
517,0,0,0,0,0,0,0,6
518,0,0,0,0,0,0,0,6
519,0,0,0,0,0,0,0,6
520,0,0,0,0,0,0,0,6
521,0,0,0,0,0,0,0,6
522,0,0,0,0,0,0,0,6
523,0,0,0,0,0,0,0,6
524,0,0,0,0,0,0,0,6
525,0,0,0,0,0,0,0,6
526,0,0,0,0,0,0,0,6
527,0,0,0,0,0,0,0,6
528,0,0,0,1,0,0,0,6
529,0,0,0,0,0,0,0,7
530,0,1,0,0,0,0,0,7
531,0,0,0,0,0,0,0,7
532,0,0,0,0,0,0,0,7
533,0,0,0,0,0,0,0,7
534,0,0,0,0,0,0,0,7
535,0,0,0,0,0,0,0,7
536,0,0,0,0,0,0,0,7
537,0,0,1,0,0,0,0,6
538,0,0,0,0,0,0,0,6
539,0,0,0,0,0,0,0,6
540,0,0,0,0,0,0,0,6
541,0,0,0,0,0,0,0,6
542,0,0,0,0,0,0,0,6
543,0,0,1,0,0,0,0,5
544,0,0,0,0,0,0,0,5
545,0,0,0,0,0,0,0,5
546,0,0,0,0,0,0,0,5
547,0,0,0,0,0,0,0,5
548,0,0,0,0,0,0,0,5
549,0,0,0,0,0,0,0,5
550,0,0,0,0,0,0,0,5
551,0,0,0,0,0,0,0,3
552,0,0,0,0,0,0,0,3
553,0,0,0,0,0,0,0,3
554,0,0,0,0,0,0,0,3
555,0,0,0,0,0,0,0,3
556,0,0,0,0,0,0,0,3
557,0,0,0,0,0,0,0,3
558,0,0,0,0,0,0,0,3
559,0,0,0,0,0,0,0,3
560,0,0,0,2,0,0,2,3
561,0,0,0,0,0,0,0,5
562,0,0,0,0,0,0,0,5
563,0,0,0,0,0,0,0,5
564,0,0,0,0,0,0,0,5
565,0,0,0,0,0,0,0,5
566,0,0,0,0,0,0,0,5
567,0,0,0,0,0,0,0,5
568,0,1,0,0,0,0,0,5
569,0,0,0,0,0,0,0,5
570,0,0,0,0,0,0,0,5
571,0,0,0,0,0,0,0,5
572,0,0,0,0,0,0,0,5
573,0,0,0,0,0,0,0,5
574,0,0,0,0,0,0,0,5
575,0,0,0,0,0,0,0,5
576,0,0,0,0,0,0,0,5
577,0,0,0,0,0,0,0,5
578,0,0,0,0,0,0,0,5
579,0,0,0,0,0,0,0,5
580,0,0,0,0,0,0,0,5
581,0,0,0,0,0,0,0,5
582,0,0,0,0,0,0,0,5
583,0,0,0,0,0,0,0,5
584,0,0,0,0,0,0,0,5
585,0,0,0,0,0,0,0,5
586,0,0,1,0,0,0,0,4
587,0,0,0,0,0,0,0,4
588,0,0,0,0,0,0,0,4
589,0,0,0,0,0,0,0,4
590,0,0,0,0,0,0,0,4
591,0,0,1,0,0,0,0,3
592,0,0,0,0,0,0,0,3
593,0,0,0,0,0,0,0,3
594,0,0,0,0,0,0,0,3
595,0,0,0,0,0,0,0,3
596,0,0,0,0,0,0,0,3
597,0,0,0,0,0,0,0,3
598,0,0,0,1,1,1,1,3
599,0,0,0,0,0,0,0,6
600,0,0,0,0,0,0,0,6
601,0,0,0,0,0,0,0,6
602,0,0,0,0,0,0,0,6
603,0,0,0,0,0,0,0,6
604,0,0,0,0,0,0,0,6
605,0,0,0,0,0,0,0,6
606,0,0,0,0,0,0,0,6
607,0,0,0,0,0,0,0,6
608,0,0,0,0,0,0,0,6
609,0,0,0,0,0,0,0,6
610,0,0,0,0,0,0,0,6
611,0,0,0,0,0,0,0,6
612,0,1,0,0,0,0,0,6
613,0,0,0,0,0,0,0,6
614,0,0,0,0,0,0,0,6
615,0,0,0,0,0,0,0,6
616,0,0,0,0,0,0,0,6
617,0,0,0,0,0,0,0,6
618,0,0,0,0,0,0,0,6
619,0,0,0,0,0,0,0,6
620,0,0,0,0,0,0,0,6
621,0,0,0,0,0,0,0,6
622,0,0,0,0,0,0,0,6
623,0,0,0,0,0,0,0,6
624,0,0,0,0,0,0,0,6
625,0,0,0,0,0,0,0,6
626,0,0,0,0,0,0,0,6
627,0,0,0,0,0,0,0,6
628,0,0,0,0,0,0,0,6
629,0,0,0,0,0,0,0,6
630,0,0,0,0,0,0,0,6
631,0,0,0,0,0,0,0,6
632,0,0,0,0,0,0,0,6
633,0,0,0,0,0,0,0,6
634,0,1,0,0,0,0,0,6
635,0,0,0,0,0,0,0,6
636,0,0,0,0,0,0,0,6
637,0,0,0,0,0,0,0,6
638,0,0,0,0,0,0,0,6
639,0,0,0,0,0,0,0,6
640,0,0,0,0,0,0,0,6
641,0,0,0,0,0,0,0,6
642,0,0,0,0,2,1,1,6
643,0,0,0,0,0,0,0,9
644,0,0,0,0,0,0,0,9
645,0,0,0,0,0,0,0,9
646,0,0,0,0,0,0,0,9
647,0,0,0,0,0,0,0,9
648,0,0,1,0,0,0,0,7
649,0,0,0,0,0,0,0,7
650,0,0,0,0,0,0,0,7
651,0,0,0,0,0,0,0,7
652,0,0,0,0,0,0,0,7
653,0,0,0,0,0,0,0,7
654,0,0,0,0,0,0,0,7
655,0,0,0,0,0,0,0,7
656,0,0,0,0,0,0,0,7
657,0,0,0,0,0,0,0,7
658,0,0,0,0,0,0,0,6
659,0,0,0,0,0,0,0,6
660,0,0,0,0,0,0,0,6
661,0,0,0,0,0,0,0,6
662,0,0,0,0,0,0,0,6
663,0,0,0,0,0,0,0,6
664,0,0,0,2,0,1,0,6
665,0,0,0,0,0,0,0,9
666,0,0,0,0,0,0,0,9
667,0,0,0,0,0,0,0,9
668,0,0,0,0,0,0,0,9
669,0,0,0,0,0,0,0,9
670,0,0,0,0,0,0,0,9
671,0,0,0,0,0,0,0,9
672,0,0,0,0,0,0,0,9
673,0,0,0,0,0,0,0,9
674,0,0,0,0,0,0,0,9
675,0,0,0,0,0,0,0,9
676,0,0,0,0,0,0,0,9
677,0,0,0,0,0,0,0,9
678,0,0,0,0,0,0,0,9
679,0,1,0,0,0,0,0,9
680,0,0,0,0,0,0,0,9
681,0,0,1,0,0,0,0,8
682,0,0,0,0,0,0,0,8
683,0,0,0,0,0,0,0,8
684,0,0,0,0,0,0,0,8
685,0,0,0,0,0,0,0,8
686,0,0,0,0,0,0,0,7
687,0,0,0,0,0,0,0,7
688,0,0,0,0,0,0,0,7
689,0,0,0,0,0,0,0,7
690,0,0,0,0,0,0,0,7
691,0,0,0,0,0,0,0,7
692,0,0,0,0,0,0,0,7
693,0,0,0,0,0,0,0,7
694,0,0,0,0,0,0,0,7
695,0,0,0,0,0,0,0,7
696,0,0,0,0,0,0,0,7
697,0,0,0,0,0,0,0,7
698,0,0,0,0,0,0,0,7
699,0,1,0,0,0,0,0,7
700,0,0,0,0,0,0,0,7
701,0,0,0,0,0,0,0,7
702,0,0,0,0,0,0,0,6
703,0,0,0,0,0,0,0,6
704,0,0,0,0,0,0,0,6
705,0,0,0,0,0,0,0,6
706,0,0,0,0,0,0,0,6
707,0,0,0,0,0,0,0,6
708,0,0,0,0,0,0,0,6
709,0,0,0,1,1,2,0,6
710,0,0,0,0,0,0,0,10
711,0,0,0,0,0,0,0,10
712,0,0,0,0,0,0,0,10
713,0,0,0,0,0,0,0,10
714,0,0,0,0,0,0,0,10
715,0,0,0,0,0,0,0,10
716,0,0,0,0,0,0,0,10
717,0,0,0,0,0,0,0,10
718,0,0,0,0,0,0,0,10
719,0,0,0,0,0,0,0,10
720,0,0,0,0,0,0,0,10
721,0,0,0,0,0,0,0,10
722,0,0,0,0,0,0,0,9
723,0,0,0,0,0,0,0,9
724,0,0,0,0,0,0,0,8
725,0,0,0,0,0,0,0,8
726,0,0,0,0,0,0,0,8
727,0,0,0,0,0,0,0,8
728,0,0,0,0,0,0,0,8
729,0,0,0,2,0,0,1,8
730,0,0,0,0,0,0,0,10
731,0,0,0,0,0,0,0,10
732,0,0,0,0,0,0,0,10
733,0,0,0,0,0,0,0,10
734,0,0,0,0,0,0,0,10
735,0,0,0,0,0,0,0,10
736,0,0,0,0,0,0,0,10
737,0,0,0,0,0,0,0,10
738,0,0,0,0,0,0,0,10
739,0,0,0,0,0,0,0,10
740,0,1,0,0,0,0,0,10
741,0,0,0,0,0,0,0,10
742,0,0,0,0,0,0,0,10
743,0,0,0,0,0,0,0,10
744,0,0,0,0,0,0,0,10
745,0,0,0,0,0,0,0,10
746,0,0,0,0,0,0,0,10
747,0,0,0,0,0,0,0,10
748,0,0,0,0,0,0,0,10
749,0,0,0,0,0,0,0,10
750,0,0,0,0,0,0,0,10
751,0,0,0,0,0,0,0,10
752,0,0,1,0,0,0,0,9
753,0,0,0,0,0,0,0,9
754,0,0,0,0,0,0,0,9
755,0,0,0,0,0,0,0,9
756,0,0,0,0,0,0,0,9
757,0,0,0,0,0,0,0,9
758,0,0,0,0,0,0,0,9
759,0,0,0,0,0,0,0,9
760,0,0,0,0,0,0,0,9
761,0,0,0,0,0,0,0,9
762,0,0,0,0,0,0,0,9
763,0,0,0,0,0,0,0,9
764,0,0,0,0,0,0,0,9
765,0,0,0,0,0,0,0,9
766,0,0,0,0,0,0,0,9
767,0,0,0,0,0,0,0,9
768,0,0,0,0,0,0,0,9
769,0,1,0,0,0,0,0,7
770,0,0,0,1,0,1,0,7
771,0,0,0,0,0,0,0,9
772,0,0,0,0,0,0,0,9
773,0,0,0,0,0,0,0,9
774,0,0,0,0,0,0,0,9
775,0,0,0,0,0,0,0,9
776,0,0,0,0,0,0,0,9
777,0,0,0,0,0,0,0,9
778,0,0,0,0,0,0,0,9
779,0,0,0,0,0,0,0,9
780,0,0,0,0,0,0,0,9
781,0,0,0,0,0,0,0,9
782,0,0,0,0,0,0,0,9
783,0,0,0,0,0,0,0,9
784,0,0,0,0,0,0,0,9
785,0,0,0,0,0,0,0,9
786,0,0,0,0,0,0,0,9
787,0,0,1,0,0,0,0,7
788,0,0,1,0,0,0,0,6
789,0,0,0,0,0,0,0,6
790,0,0,0,0,0,0,0,6
791,0,0,0,0,0,0,0,6
792,0,0,0,0,0,0,0,6
793,0,0,0,0,0,0,0,6
794,0,0,0,0,0,0,0,6
795,0,0,0,0,0,0,0,6
796,0,0,0,0,0,0,0,6
797,0,0,0,0,0,0,0,5
798,0,0,0,0,0,0,0,5
799,0,0,0,1,0,0,0,5
800,0,0,0,0,0,0,0,6
801,0,0,0,0,0,0,0,6
802,0,1,0,0,0,0,0,6
803,0,0,0,0,0,0,0,6
804,0,0,0,0,0,0,0,6
805,0,0,0,0,0,0,0,6
806,0,0,0,0,0,0,0,6
807,0,0,0,0,0,0,0,6
808,0,0,0,0,0,0,0,6
809,0,0,0,0,0,0,0,6
810,0,0,0,0,0,0,0,6
811,0,0,0,0,0,0,0,6
812,0,0,0,0,0,0,0,6
813,0,0,0,0,0,0,0,6
814,0,0,0,0,0,0,0,6
815,0,0,0,0,0,0,0,6
816,0,0,0,0,0,0,0,6
817,0,0,0,0,0,0,0,6
818,0,1,0,0,0,0,0,6
819,0,0,0,0,0,0,0,6
820,0,0,0,0,0,0,0,6
821,0,0,0,0,0,0,0,6
822,0,0,0,0,0,0,0,6
823,0,0,0,0,0,0,0,6
824,0,0,0,0,0,0,0,6
825,0,0,0,0,0,0,0,6
826,0,0,0,0,0,0,0,6
827,0,0,0,0,0,0,0,6
828,0,0,0,0,0,0,0,6
829,0,0,0,0,0,0,0,6
830,0,0,0,0,0,0,0,5
831,0,0,0,0,0,0,0,5
832,0,0,1,2,0,1,1,3
833,0,0,0,0,0,0,0,6
834,0,0,0,0,0,0,0,6
835,0,0,0,0,0,0,0,6
836,0,0,0,0,0,0,0,6
837,0,0,0,0,0,0,0,6
838,0,0,0,0,0,0,0,6
839,0,0,0,0,0,0,0,6
840,0,0,0,0,0,0,0,6
841,0,0,0,0,0,0,0,6
842,0,0,0,0,0,0,0,6
843,0,0,0,0,0,0,0,6
844,0,0,0,0,0,0,0,6
845,0,0,0,0,0,0,0,6
846,0,0,0,0,0,0,0,6
847,0,0,0,0,0,0,0,6
848,0,0,0,1,0,0,0,6
849,0,0,0,0,0,0,0,7
850,0,0,0,0,0,0,0,7
851,0,0,0,0,0,0,0,7
852,0,0,0,0,0,0,0,7
853,0,0,0,0,0,0,0,7
854,0,1,0,0,0,0,0,7
855,0,0,0,0,0,0,0,7
856,0,0,0,0,0,0,0,7
857,0,0,1,0,0,0,0,6
858,0,0,1,0,0,0,0,5
859,0,0,1,0,0,0,0,5
860,0,0,1,0,0,0,0,5
861,0,0,1,0,0,0,0,5
862,0,0,1,0,0,0,0,5
863,0,0,0,0,0,0,0,5
864,0,0,0,0,0,0,0,5
865,0,0,0,0,0,0,0,5
866,0,0,0,0,0,0,0,5
867,0,0,0,0,0,0,0,5
868,0,1,0,0,0,0,0,5
869,0,0,0,0,0,0,0,5
870,0,0,0,0,0,0,0,5
871,0,0,0,0,0,0,0,5
872,0,0,0,0,0,0,0,5
873,0,0,0,0,0,0,0,5
874,0,0,0,0,0,0,0,5
875,0,0,0,0,0,0,0,5
876,0,0,0,0,0,0,0,5
877,0,0,0,0,0,0,0,5
878,0,0,0,0,0,0,0,5
879,0,0,0,0,0,0,0,5
880,0,0,0,0,0,0,0,5
881,0,1,0,0,0,0,0,5
882,0,1,0,0,0,0,0,5
883,0,1,0,0,0,0,0,5
884,0,1,0,2,0,0,0,5
885,0,0,0,0,0,0,0,7
886,0,0,0,0,0,0,0,7
887,0,0,0,0,0,0,0,7
888,0,0,0,0,0,0,0,7
889,0,0,0,0,0,0,0,7
890,0,0,0,0,0,0,0,5
891,0,0,0,0,0,0,0,5
892,0,0,1,0,0,0,0,4
893,0,0,0,0,0,0,0,4
894,0,0,0,0,0,0,0,4
895,0,0,0,0,0,0,0,4
896,0,0,0,0,0,0,0,4
897,0,0,0,0,0,0,0,4
898,0,0,0,1,1,0,0,4
899,0,0,1,0,0,0,0,5
900,0,0,0,0,0,0,0,5
901,0,0,0,0,0,0,0,5
902,0,0,0,0,0,0,0,5
903,0,0,0,0,0,0,0,5
904,0,0,0,0,0,0,0,5
905,0,0,0,0,0,0,0,5
906,0,0,1,0,0,0,0,4
907,0,0,1,0,0,0,0,4
908,0,0,1,0,0,0,0,4
909,0,0,1,0,0,0,0,4
910,0,0,1,0,0,0,0,4
911,0,0,1,0,0,0,0,4
912,0,0,1,0,0,0,0,4
913,0,0,1,0,0,0,0,4
914,0,0,1,1,0,0,1,4
915,0,0,1,0,0,0,0,5
916,0,0,1,0,0,0,0,5
917,0,0,1,0,0,0,0,5
918,0,0,1,0,0,0,0,5
919,0,0,1,0,0,0,0,5
920,0,0,1,0,0,0,0,5
921,0,0,1,0,0,0,0,5
922,0,0,1,0,0,0,0,5
923,0,0,0,0,0,0,0,5
924,0,1,0,0,0,0,0,5
925,0,0,0,0,0,0,0,5
926,0,0,0,0,0,0,0,5
927,0,0,0,0,0,0,0,5
928,0,0,0,0,0,0,0,5
929,0,0,0,0,0,0,0,5
930,0,0,0,0,0,0,0,5
931,0,0,0,0,0,0,0,5
932,0,0,0,0,0,0,0,5
933,0,0,0,0,0,0,0,5
934,0,0,0,0,0,0,0,5
935,0,0,0,0,0,0,0,5
936,0,0,0,0,0,0,0,5
937,0,0,0,0,0,0,0,5
938,0,0,0,0,0,0,0,5
939,0,0,0,0,0,0,0,5
940,0,0,0,0,0,0,0,5
941,0,1,0,0,0,0,0,5
942,0,0,1,0,0,0,0,3
943,0,0,0,0,0,0,0,3
944,0,0,0,0,0,0,0,3
945,0,0,0,0,0,0,0,3
946,0,0,0,0,0,0,0,3
947,0,0,0,0,0,0,0,3
948,0,0,0,0,0,0,0,3
949,0,0,0,0,0,0,0,3
950,0,0,0,0,0,0,0,3
951,0,0,0,0,0,0,0,3
952,0,0,0,0,0,0,0,3
953,0,0,0,0,0,0,0,3
954,0,0,0,1,0,0,0,3
955,0,0,0,0,0,0,0,4
956,0,0,0,0,0,0,0,3
957,0,0,0,0,0,0,0,3
958,0,0,0,0,0,0,0,3
959,0,0,0,0,0,0,0,3
960,0,0,0,0,0,0,0,3
961,0,1,0,0,0,0,0,3
962,0,0,0,0,0,0,0,3
963,0,0,0,0,0,0,0,3
964,0,0,0,0,0,0,0,3
965,0,0,0,0,0,0,0,3
966,0,0,0,0,0,0,0,3
967,0,0,0,0,0,0,0,3
968,0,0,0,0,0,0,0,3
969,0,0,0,0,0,0,0,3
970,0,0,0,0,0,0,0,3
971,0,0,0,0,2,2,0,3
972,0,0,0,0,0,0,0,7
973,0,0,0,0,0,0,0,7
974,0,0,0,0,0,0,0,7
975,0,0,0,0,0,0,0,7
976,0,0,0,0,0,0,0,7
977,0,0,0,0,0,0,0,7
978,0,0,0,0,0,0,0,7
979,0,0,0,0,0,0,0,7
980,0,0,0,0,0,0,0,7
981,0,0,0,0,0,0,0,7
982,0,0,0,0,0,0,0,7
983,0,0,0,0,0,0,0,7
984,0,0,0,0,0,0,0,7
985,0,0,0,0,0,0,0,7
986,0,0,0,0,0,0,0,7
987,0,0,0,0,0,0,0,7
988,0,0,0,0,0,0,0,7
989,0,0,0,0,0,0,0,7
990,0,0,0,0,0,0,0,7
991,0,0,0,0,1,1,1,7
992,0,0,0,0,0,0,0,9
993,0,0,0,0,0,0,0,9
994,0,0,0,0,0,0,0,9
995,0,0,0,0,0,0,0,9
996,0,1,0,0,0,0,0,9
997,0,0,0,0,0,0,0,9
998,0,0,0,0,0,0,0,9
999,0,0,0,0,0,0,0,9
1000,0,0,0,0,0,0,0,9
1001,0,0,0,0,0,0,0,9
1002,0,0,1,0,0,0,0,8
1003,0,0,0,0,0,0,0,8
1004,0,0,0,0,0,0,0,8
1005,0,0,0,0,0,0,0,8
1006,0,0,0,0,0,0,0,8
1007,0,0,0,0,0,0,0,8
1008,0,0,0,0,0,0,0,8
1009,0,0,0,0,0,0,0,8
1010,0,0,0,0,0,0,0,8
1011,0,0,0,0,0,0,0,8
1012,0,0,0,0,0,0,0,8
1013,0,0,0,0,0,0,0,8
1014,0,0,0,0,0,0,0,8
1015,0,0,0,0,0,0,0,8
1016,0,0,0,0,0,0,0,8
1017,0,0,0,0,0,0,0,8
1018,0,0,0,0,0,0,0,8
1019,0,0,0,0,0,0,0,8
1020,0,0,0,0,0,0,0,8
1021,0,0,0,0,0,0,0,8
1022,0,0,0,0,0,0,0,8
1023,0,1,0,0,0,0,0,8
1024,0,0,0,0,0,0,0,8
1025,0,0,0,0,0,0,0,8
1026,0,0,0,1,0,0,1,8
1027,0,0,0,0,0,0,0,9
1028,0,0,0,0,0,0,0,9
1029,0,0,0,0,0,0,0,9
1030,0,0,0,0,0,0,0,9
1031,0,0,0,0,0,0,0,7
1032,0,0,0,0,0,0,0,7
1033,0,0,0,0,0,0,0,7
1034,0,0,0,0,0,0,0,7
1035,0,0,0,0,0,0,0,7
1036,0,0,0,0,0,0,0,7
1037,0,0,0,0,0,0,0,7
1038,0,0,0,0,0,0,0,7
1039,0,0,0,0,0,0,0,7
1040,0,0,0,0,0,0,0,7
1041,0,0,0,0,0,0,0,7
1042,0,0,1,0,0,0,0,6
1043,0,0,0,0,0,0,0,6
1044,0,0,0,0,0,0,0,6
1045,0,0,0,0,0,0,0,6
1046,0,0,0,0,0,0,0,6
1047,0,0,0,0,0,0,0,6
1048,0,0,0,0,0,0,0,6
1049,0,0,0,0,0,0,0,6
1050,0,0,0,0,0,0,0,6
1051,0,0,0,0,0,0,0,5
1052,0,0,0,0,0,0,0,5
1053,0,0,0,1,0,1,1,5
1054,0,0,0,0,0,1,0,6
1055,0,0,0,0,0,1,0,6
1056,0,0,0,0,0,1,0,6
1057,0,0,0,0,0,1,0,6
1058,0,0,0,0,0,1,0,6
1059,0,0,0,0,0,1,0,6
1060,0,0,0,0,0,1,0,6
1061,0,0,0,0,0,1,0,6
1062,0,0,0,0,0,1,0,6
1063,0,0,0,0,0,1,0,6
1064,0,0,0,0,0,1,0,6
1065,0,0,0,0,0,0,0,7
1066,0,0,0,0,0,0,0,7
1067,0,0,0,0,0,0,0,7
1068,0,0,0,0,0,0,0,7
1069,0,0,0,0,0,0,0,7
1070,0,0,0,0,0,0,0,7
1071,0,0,0,0,0,0,0,7
1072,0,0,0,0,0,0,0,7
1073,0,0,0,0,0,0,0,7
1074,0,0,0,0,0,0,0,7
1075,0,0,0,0,0,0,0,7
1076,0,0,0,0,0,0,0,7
1077,0,0,0,0,0,0,0,7
1078,0,0,0,0,0,0,0,7
1079,0,0,0,0,0,0,0,7
1080,0,0,0,0,0,0,0,7
1081,0,0,0,0,0,0,0,7
1082,0,0,0,0,0,0,0,7
1083,0,0,0,0,0,0,0,7
1084,0,0,1,0,0,0,0,6
1085,0,0,0,0,0,0,0,6
1086,0,0,0,0,0,0,0,6
1087,0,0,0,0,0,0,0,6
1088,0,0,1,0,0,0,0,5
1089,0,0,0,0,0,0,0,5
1090,0,0,0,0,0,0,0,5
1091,0,0,0,0,0,0,0,5
1092,0,0,0,0,0,0,0,5
1093,0,0,0,0,0,0,0,5
1094,0,0,0,0,0,0,0,5
1095,0,0,0,0,0,0,0,5
1096,0,0,0,0,0,0,0,5
1097,0,0,0,0,0,0,0,5
1098,0,0,0,0,0,0,0,5
1099,0,0,0,0,0,0,0,5
1100,0,0,0,0,0,0,0,5
1101,0,0,0,0,0,0,0,5
1102,0,0,0,0,0,0,0,5
1103,0,0,0,0,0,0,0,5
1104,0,0,0,0,0,0,0,5
1105,0,0,0,0,0,0,0,5
1106,0,0,0,0,0,0,0,5
1107,0,0,0,0,0,0,0,5
1108,0,0,0,0,0,0,0,5
1109,0,0,0,0,0,0,0,5
1110,0,0,0,0,0,0,0,5
1111,0,0,0,0,0,0,0,4
1112,0,0,0,0,0,0,0,4
1113,0,0,0,0,0,0,0,4
1114,0,0,0,0,0,0,0,4
1115,0,0,0,0,0,0,0,4
1116,0,0,0,0,0,0,0,4
1117,0,0,0,0,0,0,0,4
1118,0,0,0,0,0,0,0,4
1119,0,0,0,0,0,0,0,4
1120,0,0,0,0,0,0,0,4
1121,0,0,0,0,0,0,0,4
1122,0,0,0,0,0,0,0,4
1123,0,0,0,0,0,0,0,4
1124,0,0,1,0,0,0,0,3
1125,0,0,0,0,0,0,0,3
1126,0,0,0,0,0,0,0,3
1127,0,0,0,0,0,0,0,3
1128,0,0,0,0,0,0,0,3
1129,0,0,0,0,0,0,0,3
1130,0,0,0,0,0,0,0,3
1131,0,0,0,0,0,0,0,3
1132,0,0,0,0,0,0,0,3
1133,0,0,0,0,0,0,0,3
1134,0,0,0,0,0,0,0,3
1135,0,0,0,0,0,0,0,3
1136,0,0,0,0,0,0,0,3
1137,0,0,0,0,0,0,0,3
1138,0,0,0,0,0,0,0,3
1139,0,0,0,0,0,0,0,3
1140,0,0,0,0,0,0,0,3
1141,0,0,0,0,0,0,0,3
1142,0,0,0,0,0,0,0,3
1143,0,0,0,0,0,0,0,3
1144,0,0,0,0,0,0,0,3
1145,0,0,0,0,0,0,0,3
1146,0,0,0,0,0,0,0,3
1147,0,0,0,0,0,0,0,3
1148,0,0,0,0,0,0,0,3
1149,0,0,0,0,0,0,0,3
1150,0,0,0,0,0,0,0,3
1151,0,0,0,0,0,0,0,3
1152,0,0,0,0,0,0,0,3
1153,0,0,0,0,0,0,0,3
1154,0,0,0,0,0,0,0,3
1155,0,0,0,0,0,0,0,3
1156,0,0,0,0,0,0,0,3
1157,0,0,0,0,0,0,0,3
1158,0,0,0,0,0,0,0,3
1159,0,0,0,0,0,0,0,3
1160,0,0,0,0,0,0,0,3
1161,0,0,1,0,0,0,0,1
1162,0,0,0,0,0,0,0,1
1163,0,0,0,0,0,0,0,1
1164,0,0,0,0,0,0,0,1
1165,0,0,0,0,0,0,0,1
1166,0,0,0,0,0,0,0,1
1167,0,0,0,0,0,0,0,1
1168,0,0,0,0,0,0,0,1
1169,0,0,0,0,0,0,0,1
1170,0,0,0,0,0,0,0,1
1171,0,0,0,0,0,0,0,1
1172,0,0,0,0,0,0,0,1
1173,0,0,0,0,0,0,0,1
1174,0,0,0,0,0,0,0,1
1175,0,0,0,0,0,0,0,1
1176,0,0,0,0,0,0,0,1
1177,0,0,0,0,0,0,0,1
1178,0,0,0,0,0,0,0,1
1179,0,0,0,0,0,0,0,1
1180,0,0,0,0,0,0,0,1
1181,0,0,1,0,0,0,0,0
1182,0,0,0,0,0,0,0,0
1183,0,0,0,0,0,0,0,0
1184,0,0,0,0,0,0,0,0
1185,0,0,0,0,0,0,0,0
1186,0,0,0,0,0,0,0,0
1187,0,0,0,0,0,0,0,0
1188,0,0,0,0,0,0,0,0
1189,0,0,0,0,0,0,0,0
1190,0,0,0,0,0,0,0,0
1191,0,0,0,0,0,0,0,0
1192,0,0,0,0,0,0,0,0
1193,0,0,0,0,0,0,0,0
1194,0,0,0,0,0,0,0,0
1195,0,0,0,0,0,0,0,0
1196,0,0,0,0,0,0,0,0
1197,0,0,0,0,0,0,0,0
1198,0,0,0,0,0,0,0,0
1199,0,0,0,0,0,0,0,0
1200,0,0,0,0,0,0,0,0
1201,0,0,0,0,0,0,0,0
1202,0,0,0,0,0,0,0,0
1203,0,0,0,0,0,0,0,0
1204,0,0,0,0,0,0,0,0
1205,0,0,0,0,0,0,0,0
1206,0,0,0,0,0,0,0,0
1207,0,0,0,0,0,0,0,0
1208,0,0,0,0,0,0,0,0
1209,0,0,0,0,0,0,0,0
1210,0,0,0,0,0,0,0,0
1211,0,0,0,0,0,0,0,0
